deal_id,type,product,amount,interest_rate,maturity_date,repricing_date
A001,Asset,Treasury Bond,2935009,0.0424,2024-05-23 00:00:00,2024-03-23 00:00:00
A002,Asset,Cash Equivalent,1755084,0.0165,2024-05-11 00:00:00,2024-04-22 00:00:00
A003,Asset,Mortgage,179307,0.0523,2023-12-14 00:00:00,2023-12-14 00:00:00
A004,Asset,Auto Loan,24889,0.0604,2024-07-13 00:00:00,2024-03-02 00:00:00
A005,Asset,Commercial Loan,1353191,0.0729,2024-08-30 00:00:00,2024-03-28 00:00:00
A006,Asset,Mortgage,380116,0.0505,2024-01-15 00:00:00,2024-01-15 00:00:00
A007,Asset,Commercial Loan,1737616,0.0695,2024-05-19 00:00:00,2024-05-19 00:00:00
A008,Asset,Auto Loan,29263,0.0732,2024-01-06 00:00:00,2023-12-28 00:00:00
A009,Asset,Auto Loan,11293,0.0643,2024-05-01 00:00:00,2024-05-01 00:00:00
A010,Asset,Cash Equivalent,1366861,0.0172,2024-08-19 00:00:00,2024-04-04 00:00:00
A011,Asset,Commercial Loan,4589295,0.0673,2024-07-04 00:00:00,2024-06-04 00:00:00
A012,Asset,Auto Loan,5609,0.0767,2024-07-27 00:00:00,2023-12-04 00:00:00
A013,Asset,Mortgage,125714,0.0552,2023-11-21 00:00:00,2023-11-21 00:00:00
A014,Asset,Commercial Loan,3862785,0.0795,2024-03-08 00:00:00,2023-11-30 00:00:00
A015,Asset,Cash Equivalent,1757636,0.0197,2024-04-21 00:00:00,2023-12-27 00:00:00
A016,Asset,Mortgage,175828,0.0415,2023-11-21 00:00:00,2023-11-21 00:00:00
A017,Asset,Commercial Loan,3146844,0.0796,2024-02-17 00:00:00,2023-12-03 00:00:00
A018,Asset,Mortgage,378765,0.0464,2023-11-21 00:00:00,2023-11-21 00:00:00
A019,Asset,Treasury Bond,8363212,0.0356,2024-04-08 00:00:00,2023-12-18 00:00:00
A020,Asset,Commercial Loan,1527649,0.0731,2024-07-28 00:00:00,2024-05-28 00:00:00
A021,Asset,Treasury Bond,6765462,0.0428,2024-08-13 00:00:00,2024-08-01 00:00:00
A022,Asset,Auto Loan,30924,0.0753,2024-09-14 00:00:00,2024-09-14 00:00:00
A023,Asset,Commercial Loan,737575,0.0621,2024-01-22 00:00:00,2024-01-22 00:00:00
A024,Asset,Commercial Loan,1805057,0.0768,2024-04-11 00:00:00,2023-12-03 00:00:00
A025,Asset,Auto Loan,5507,0.0798,2023-11-21 00:00:00,2023-11-21 00:00:00
A026,Asset,Auto Loan,26232,0.0666,2024-08-27 00:00:00,2024-08-02 00:00:00
A027,Asset,Cash Equivalent,888288,0.0165,2024-11-04 00:00:00,2024-06-08 00:00:00
A028,Asset,Mortgage,225340,0.0536,2024-05-07 00:00:00,2023-12-04 00:00:00
A029,Asset,Cash Equivalent,2736167,0.0152,2024-07-22 00:00:00,2024-06-29 00:00:00
A030,Asset,Auto Loan,48944,0.0662,2024-07-04 00:00:00,2024-04-27 00:00:00
A031,Asset,Commercial Loan,2977072,0.0667,2024-07-25 00:00:00,2024-07-25 00:00:00
A032,Asset,Mortgage,201908,0.0485,2024-01-08 00:00:00,2023-12-21 00:00:00
A033,Asset,Commercial Loan,2110466,0.0873,2024-08-26 00:00:00,2024-01-24 00:00:00
A034,Asset,Auto Loan,49279,0.0643,2024-11-01 00:00:00,2023-11-27 00:00:00
A035,Asset,Treasury Bond,2041150,0.0388,2024-06-29 00:00:00,2024-06-29 00:00:00
A036,Asset,Mortgage,226549,0.0561,2024-01-21 00:00:00,2023-11-24 00:00:00
A037,Asset,Auto Loan,26662,0.0758,2023-11-21 00:00:00,2023-11-21 00:00:00
A038,Asset,Mortgage,192789,0.042,2024-05-17 00:00:00,2024-04-22 00:00:00
A039,Asset,Auto Loan,38292,0.0768,2024-01-26 00:00:00,2023-12-30 00:00:00
A040,Asset,Cash Equivalent,1174569,0.0189,2024-09-28 00:00:00,2024-03-07 00:00:00
A041,Asset,Commercial Loan,2006199,0.0766,2024-09-26 00:00:00,2024-03-09 00:00:00
A042,Asset,Cash Equivalent,659368,0.0193,2024-09-14 00:00:00,2024-03-29 00:00:00
A043,Asset,Mortgage,402598,0.0533,2023-11-22 00:00:00,2023-11-22 00:00:00
A044,Asset,Mortgage,229971,0.051,2024-10-10 00:00:00,2023-12-29 00:00:00
A045,Asset,Treasury Bond,3573456,0.0323,2024-02-10 00:00:00,2024-01-23 00:00:00
A046,Asset,Auto Loan,6012,0.0663,2024-04-03 00:00:00,2023-12-21 00:00:00
A047,Asset,Treasury Bond,1907749,0.0468,2024-11-04 00:00:00,2024-11-04 00:00:00
A048,Asset,Commercial Loan,653064,0.0777,2024-06-04 00:00:00,2024-03-31 00:00:00
A049,Asset,Auto Loan,28917,0.0681,2023-12-08 00:00:00,2023-12-05 00:00:00
A050,Asset,Cash Equivalent,2738200,0.0194,2024-05-23 00:00:00,2024-05-23 00:00:00
A051,Asset,Cash Equivalent,1423271,0.0178,2024-07-15 00:00:00,2024-07-15 00:00:00
A052,Asset,Auto Loan,40545,0.0686,2024-02-22 00:00:00,2024-01-07 00:00:00
A053,Asset,Commercial Loan,2721129,0.0743,2024-09-25 00:00:00,2023-12-23 00:00:00
A054,Asset,Mortgage,302120,0.0493,2024-04-12 00:00:00,2024-02-13 00:00:00
A055,Asset,Commercial Loan,2449842,0.0836,2024-05-22 00:00:00,2024-02-01 00:00:00
A056,Asset,Treasury Bond,4980639,0.0372,2024-07-10 00:00:00,2024-01-31 00:00:00
A057,Asset,Mortgage,446513,0.0469,2024-01-20 00:00:00,2023-12-18 00:00:00
A058,Asset,Auto Loan,7694,0.0755,2023-11-21 00:00:00,2023-11-21 00:00:00
A059,Asset,Commercial Loan,4863434,0.0716,2024-03-08 00:00:00,2024-03-08 00:00:00
A060,Asset,Cash Equivalent,1638568,0.011,2024-11-13 00:00:00,2024-05-22 00:00:00
A061,Asset,Treasury Bond,7846069,0.0454,2024-09-19 00:00:00,2024-05-11 00:00:00
A062,Asset,Mortgage,416885,0.0527,2024-04-11 00:00:00,2024-02-18 00:00:00
A063,Asset,Mortgage,171916,0.051,2024-02-19 00:00:00,2024-02-19 00:00:00
A064,Asset,Auto Loan,41437,0.0649,2024-04-28 00:00:00,2024-04-28 00:00:00
A065,Asset,Mortgage,446469,0.0454,2024-09-29 00:00:00,2024-03-14 00:00:00
A066,Asset,Treasury Bond,8208561,0.0319,2024-08-12 00:00:00,2024-08-12 00:00:00
A067,Asset,Auto Loan,24228,0.0621,2024-11-10 00:00:00,2024-11-10 00:00:00
A068,Asset,Mortgage,306941,0.0471,2023-12-11 00:00:00,2023-12-08 00:00:00
A069,Asset,Auto Loan,38795,0.0723,2024-11-08 00:00:00,2024-03-12 00:00:00
A070,Asset,Cash Equivalent,2045259,0.0165,2024-09-21 00:00:00,2024-09-21 00:00:00
A071,Asset,Commercial Loan,2089420,0.0751,2024-05-25 00:00:00,2024-05-25 00:00:00
A072,Asset,Auto Loan,7834,0.0695,2024-07-28 00:00:00,2024-07-28 00:00:00
A073,Asset,Treasury Bond,9670323,0.0342,2024-09-02 00:00:00,2024-07-14 00:00:00
A074,Asset,Auto Loan,16637,0.0711,2024-05-28 00:00:00,2024-05-28 00:00:00
A075,Asset,Auto Loan,44536,0.0714,2024-03-21 00:00:00,2023-11-28 00:00:00
A076,Asset,Mortgage,355708,0.06,2024-02-08 00:00:00,2023-11-22 00:00:00
A077,Asset,Mortgage,444916,0.0487,2024-05-04 00:00:00,2023-12-25 00:00:00
A078,Asset,Commercial Loan,770207,0.0849,2024-08-31 00:00:00,2024-03-02 00:00:00
A079,Asset,Commercial Loan,4924174,0.0769,2024-10-27 00:00:00,2024-06-05 00:00:00
A080,Asset,Commercial Loan,604061,0.069,2024-05-31 00:00:00,2024-05-21 00:00:00
A081,Asset,Treasury Bond,4475381,0.0371,2024-01-05 00:00:00,2024-01-05 00:00:00
A082,Asset,Treasury Bond,2551214,0.0339,2024-05-09 00:00:00,2024-02-02 00:00:00
A083,Asset,Mortgage,54436,0.0494,2024-06-27 00:00:00,2024-01-10 00:00:00
A084,Asset,Mortgage,461440,0.057,2024-08-26 00:00:00,2024-06-22 00:00:00
A085,Asset,Commercial Loan,4145640,0.0851,2024-11-10 00:00:00,2024-03-14 00:00:00
A086,Asset,Treasury Bond,7116439,0.0324,2024-11-15 00:00:00,2024-04-14 00:00:00
A087,Asset,Commercial Loan,4941777,0.0793,2024-11-15 00:00:00,2024-11-15 00:00:00
A088,Asset,Treasury Bond,4746136,0.0352,2024-11-18 00:00:00,2024-08-06 00:00:00
A089,Asset,Auto Loan,43482,0.0703,2024-06-04 00:00:00,2024-06-04 00:00:00
A090,Asset,Treasury Bond,2891401,0.0457,2024-05-20 00:00:00,2024-03-17 00:00:00
A091,Asset,Cash Equivalent,2620546,0.0101,2024-02-11 00:00:00,2024-02-11 00:00:00
A092,Asset,Commercial Loan,4132021,0.0789,2024-01-28 00:00:00,2023-12-24 00:00:00
A093,Asset,Commercial Loan,3663853,0.0806,2024-08-06 00:00:00,2024-06-10 00:00:00
A094,Asset,Mortgage,337740,0.0576,2024-01-21 00:00:00,2023-12-27 00:00:00
A095,Asset,Cash Equivalent,2382640,0.0113,2023-12-04 00:00:00,2023-11-30 00:00:00
A096,Asset,Cash Equivalent,1553894,0.0137,2024-05-29 00:00:00,2024-04-11 00:00:00
A097,Asset,Mortgage,498818,0.0401,2024-01-29 00:00:00,2023-12-31 00:00:00
A098,Asset,Commercial Loan,4339741,0.0743,2024-06-13 00:00:00,2024-03-08 00:00:00
A099,Asset,Mortgage,250490,0.0539,2024-09-13 00:00:00,2024-09-13 00:00:00
A100,Asset,Cash Equivalent,1753408,0.0143,2024-07-26 00:00:00,2024-06-07 00:00:00
A101,Asset,Cash Equivalent,2953413,0.0198,2024-07-13 00:00:00,2024-07-13 00:00:00
A102,Asset,Cash Equivalent,2366926,0.016,2024-08-20 00:00:00,2024-06-06 00:00:00
A103,Asset,Cash Equivalent,1276122,0.014,2024-11-03 00:00:00,2024-02-09 00:00:00
A104,Asset,Commercial Loan,4904999,0.0788,2023-12-22 00:00:00,2023-12-22 00:00:00
A105,Asset,Treasury Bond,4720044,0.0406,2024-05-13 00:00:00,2024-02-19 00:00:00
A106,Asset,Auto Loan,30733,0.0656,2024-10-14 00:00:00,2024-10-14 00:00:00
A107,Asset,Mortgage,89539,0.0475,2024-10-23 00:00:00,2023-12-09 00:00:00
A108,Asset,Auto Loan,43782,0.0601,2024-10-10 00:00:00,2024-01-12 00:00:00
A109,Asset,Auto Loan,5738,0.0778,2023-11-21 00:00:00,2023-11-21 00:00:00
A110,Asset,Auto Loan,34613,0.0798,2024-08-01 00:00:00,2024-01-15 00:00:00
A111,Asset,Auto Loan,35752,0.0767,2023-12-26 00:00:00,2023-11-30 00:00:00
A112,Asset,Treasury Bond,4348312,0.0458,2024-11-09 00:00:00,2024-08-10 00:00:00
A113,Asset,Mortgage,295563,0.0414,2024-02-20 00:00:00,2024-02-18 00:00:00
A114,Asset,Treasury Bond,6676032,0.0421,2023-12-06 00:00:00,2023-12-03 00:00:00
A115,Asset,Auto Loan,10239,0.073,2024-10-16 00:00:00,2024-10-07 00:00:00
A116,Asset,Commercial Loan,3019151,0.0853,2024-10-22 00:00:00,2024-07-19 00:00:00
A117,Asset,Auto Loan,11126,0.061,2024-01-31 00:00:00,2023-12-12 00:00:00
A118,Asset,Cash Equivalent,621733,0.0149,2024-08-18 00:00:00,2024-03-16 00:00:00
A119,Asset,Auto Loan,5725,0.0664,2024-03-24 00:00:00,2024-03-17 00:00:00
A120,Asset,Treasury Bond,2145379,0.0348,2024-09-27 00:00:00,2023-12-16 00:00:00
A121,Asset,Auto Loan,15420,0.0728,2024-06-10 00:00:00,2024-01-28 00:00:00
A122,Asset,Cash Equivalent,1780184,0.0165,2024-02-10 00:00:00,2023-11-22 00:00:00
A123,Asset,Cash Equivalent,450912,0.0141,2024-09-06 00:00:00,2024-09-06 00:00:00
A124,Asset,Mortgage,158948,0.0404,2023-11-24 00:00:00,2023-11-24 00:00:00
A125,Asset,Cash Equivalent,946032,0.017,2024-10-17 00:00:00,2024-03-12 00:00:00
A126,Asset,Auto Loan,43248,0.0628,2024-03-15 00:00:00,2023-12-03 00:00:00
A127,Asset,Commercial Loan,3678409,0.089,2024-04-14 00:00:00,2024-03-20 00:00:00
A128,Asset,Commercial Loan,1129918,0.0706,2024-06-03 00:00:00,2024-03-18 00:00:00
A129,Asset,Commercial Loan,4429682,0.0889,2024-02-02 00:00:00,2023-12-26 00:00:00
A130,Asset,Cash Equivalent,1707301,0.0163,2023-11-30 00:00:00,2023-11-29 00:00:00
A131,Asset,Mortgage,388552,0.0472,2024-05-07 00:00:00,2024-01-03 00:00:00
A132,Asset,Cash Equivalent,1334516,0.0141,2024-01-28 00:00:00,2024-01-28 00:00:00
A133,Asset,Commercial Loan,4953748,0.069,2024-05-22 00:00:00,2024-05-22 00:00:00
A134,Asset,Treasury Bond,6879139,0.0383,2024-11-07 00:00:00,2024-03-06 00:00:00
A135,Asset,Auto Loan,28704,0.0722,2024-06-21 00:00:00,2024-01-24 00:00:00
A136,Asset,Treasury Bond,1636379,0.0499,2024-05-01 00:00:00,2023-11-23 00:00:00
A137,Asset,Auto Loan,38863,0.0603,2024-09-16 00:00:00,2023-12-23 00:00:00
A138,Asset,Auto Loan,5534,0.0689,2024-01-16 00:00:00,2023-12-03 00:00:00
A139,Asset,Auto Loan,45036,0.0701,2023-11-21 00:00:00,2023-11-21 00:00:00
A140,Asset,Auto Loan,21639,0.0785,2024-04-19 00:00:00,2024-04-19 00:00:00
A141,Asset,Cash Equivalent,805279,0.0155,2024-08-02 00:00:00,2024-08-02 00:00:00
A142,Asset,Mortgage,340106,0.0555,2024-07-22 00:00:00,2024-07-22 00:00:00
A143,Asset,Mortgage,156761,0.05,2024-01-29 00:00:00,2023-11-25 00:00:00
A144,Asset,Mortgage,349577,0.0597,2023-12-02 00:00:00,2023-11-28 00:00:00
A145,Asset,Auto Loan,35626,0.0772,2024-04-08 00:00:00,2024-03-23 00:00:00
A146,Asset,Cash Equivalent,2539689,0.0158,2024-01-04 00:00:00,2024-01-04 00:00:00
A147,Asset,Cash Equivalent,545025,0.0131,2024-03-13 00:00:00,2023-11-28 00:00:00
A148,Asset,Mortgage,333794,0.057,2024-06-17 00:00:00,2024-06-17 00:00:00
A149,Asset,Auto Loan,38952,0.0617,2024-04-26 00:00:00,2024-01-02 00:00:00
A150,Asset,Treasury Bond,5899089,0.041,2023-11-28 00:00:00,2023-11-24 00:00:00
L001,Liability,Term Deposit,188042,0.0356,2028-02-28 00:00:00,2024-01-31 00:00:00
L002,Liability,Term Deposit,274074,0.032,2027-11-03 00:00:00,2027-01-21 00:00:00
L003,Liability,Corporate Bond,2610261,0.0545,2024-12-07 00:00:00,2024-08-01 00:00:00
L004,Liability,Savings Account,38252,0.0195,2025-06-16 00:00:00,2024-12-26 00:00:00
L005,Liability,Term Deposit,117208,0.0372,2027-08-22 00:00:00,2026-04-29 00:00:00
L006,Liability,Retail Deposit,17855,0.008,2028-06-06 00:00:00,2025-02-11 00:00:00
L007,Liability,Corporate Bond,3964759,0.0528,2023-11-21 00:00:00,2023-11-21 00:00:00
L008,Liability,Wholesale Funding,1230100,0.0419,2028-03-04 00:00:00,2027-06-07 00:00:00
L009,Liability,Retail Deposit,5912,0.0083,2028-10-01 00:00:00,2027-08-07 00:00:00
L010,Liability,Term Deposit,54713,0.0392,2027-06-05 00:00:00,2025-10-29 00:00:00
L011,Liability,Retail Deposit,4836,0.0142,2025-09-19 00:00:00,2025-09-19 00:00:00
L012,Liability,Wholesale Funding,391371,0.0439,2027-04-10 00:00:00,2027-04-10 00:00:00
L013,Liability,Wholesale Funding,1482131,0.0427,2027-03-17 00:00:00,2024-10-28 00:00:00
L014,Liability,Corporate Bond,2088170,0.0565,2026-11-19 00:00:00,2025-02-04 00:00:00
L015,Liability,Retail Deposit,13427,0.0118,2025-11-12 00:00:00,2024-01-31 00:00:00
L016,Liability,Retail Deposit,18601,0.0105,2026-04-13 00:00:00,2026-04-13 00:00:00
L017,Liability,Retail Deposit,23729,0.0091,2028-05-13 00:00:00,2027-04-16 00:00:00
L018,Liability,Savings Account,42881,0.0179,2025-11-17 00:00:00,2025-05-23 00:00:00
L019,Liability,Savings Account,36659,0.0111,2027-10-29 00:00:00,2026-12-08 00:00:00
L020,Liability,Wholesale Funding,1935334,0.0417,2026-06-29 00:00:00,2026-06-29 00:00:00
L021,Liability,Corporate Bond,2068994,0.0575,2028-08-20 00:00:00,2027-06-29 00:00:00
L022,Liability,Wholesale Funding,1532623,0.0458,2026-10-05 00:00:00,2025-12-23 00:00:00
L023,Liability,Savings Account,36320,0.0101,2025-02-23 00:00:00,2023-12-13 00:00:00
L024,Liability,Savings Account,14762,0.0125,2023-11-21 00:00:00,2023-11-21 00:00:00
L025,Liability,Term Deposit,172430,0.0311,2028-03-06 00:00:00,2026-07-17 00:00:00
L026,Liability,Term Deposit,207270,0.0337,2027-05-26 00:00:00,2024-08-30 00:00:00
L027,Liability,Savings Account,11306,0.0106,2025-01-20 00:00:00,2024-08-16 00:00:00
L028,Liability,Retail Deposit,12438,0.0072,2026-09-26 00:00:00,2025-03-23 00:00:00
L029,Liability,Term Deposit,286433,0.0321,2023-11-21 00:00:00,2023-11-21 00:00:00
L030,Liability,Retail Deposit,15484,0.01,2026-09-21 00:00:00,2026-09-21 00:00:00
L031,Liability,Retail Deposit,19755,0.0072,2025-05-06 00:00:00,2024-05-14 00:00:00
L032,Liability,Savings Account,42350,0.0154,2026-01-07 00:00:00,2023-12-04 00:00:00
L033,Liability,Corporate Bond,1548870,0.0562,2026-06-28 00:00:00,2026-05-19 00:00:00
L034,Liability,Term Deposit,97027,0.0318,2026-01-08 00:00:00,2025-03-14 00:00:00
L035,Liability,Wholesale Funding,2187288,0.0416,2026-06-11 00:00:00,2025-09-10 00:00:00
L036,Liability,Retail Deposit,15721,0.0146,2027-06-22 00:00:00,2024-12-15 00:00:00
L037,Liability,Wholesale Funding,2425865,0.0457,2025-08-24 00:00:00,2024-04-01 00:00:00
L038,Liability,Corporate Bond,2648445,0.0567,2026-03-04 00:00:00,2024-11-21 00:00:00
L039,Liability,Retail Deposit,20521,0.0073,2027-04-22 00:00:00,2025-11-26 00:00:00
L040,Liability,Retail Deposit,18965,0.0145,2026-08-10 00:00:00,2024-08-12 00:00:00
L041,Liability,Wholesale Funding,254108,0.0406,2028-02-12 00:00:00,2024-11-17 00:00:00
L042,Liability,Savings Account,10370,0.0173,2028-06-04 00:00:00,2028-02-03 00:00:00
L043,Liability,Wholesale Funding,2267594,0.0423,2025-11-19 00:00:00,2024-01-10 00:00:00
L044,Liability,Retail Deposit,7930,0.0105,2027-01-12 00:00:00,2025-02-06 00:00:00
L045,Liability,Corporate Bond,3115027,0.0571,2026-08-13 00:00:00,2026-08-13 00:00:00
L046,Liability,Term Deposit,292661,0.0371,2026-02-01 00:00:00,2025-11-23 00:00:00
L047,Liability,Wholesale Funding,1170737,0.0493,2025-02-19 00:00:00,2024-05-18 00:00:00
L048,Liability,Term Deposit,291494,0.0389,2025-06-10 00:00:00,2025-03-01 00:00:00
L049,Liability,Retail Deposit,4293,0.0087,2025-06-21 00:00:00,2024-10-26 00:00:00
L050,Liability,Retail Deposit,6994,0.0119,2026-08-06 00:00:00,2025-12-23 00:00:00
L051,Liability,Wholesale Funding,1708696,0.0433,2026-05-07 00:00:00,2024-04-14 00:00:00
L052,Liability,Savings Account,49349,0.011,2026-06-28 00:00:00,2026-04-19 00:00:00
L053,Liability,Savings Account,6476,0.0119,2026-12-02 00:00:00,2024-07-29 00:00:00
L054,Liability,Wholesale Funding,434169,0.0449,2027-10-11 00:00:00,2025-05-25 00:00:00
L055,Liability,Wholesale Funding,997003,0.0484,2028-05-02 00:00:00,2028-02-11 00:00:00
L056,Liability,Savings Account,48110,0.0124,2026-09-23 00:00:00,2025-11-03 00:00:00
L057,Liability,Wholesale Funding,2227659,0.0408,2025-05-09 00:00:00,2024-06-16 00:00:00
L058,Liability,Savings Account,7840,0.0135,2026-05-27 00:00:00,2024-12-07 00:00:00
L059,Liability,Term Deposit,278923,0.0364,2027-03-16 00:00:00,2026-12-13 00:00:00
L060,Liability,Corporate Bond,4099498,0.0542,2028-05-14 00:00:00,2027-03-18 00:00:00
L061,Liability,Term Deposit,143095,0.0368,2025-10-31 00:00:00,2025-03-21 00:00:00
L062,Liability,Savings Account,20966,0.0144,2027-04-14 00:00:00,2024-12-21 00:00:00
L063,Liability,Retail Deposit,4234,0.0132,2028-01-15 00:00:00,2025-07-19 00:00:00
L064,Liability,Retail Deposit,18553,0.01,2025-12-12 00:00:00,2025-05-28 00:00:00
L065,Liability,Retail Deposit,7874,0.0077,2028-04-30 00:00:00,2025-04-24 00:00:00
L066,Liability,Term Deposit,139938,0.0379,2024-12-23 00:00:00,2024-06-12 00:00:00
L067,Liability,Retail Deposit,16583,0.0096,2026-09-29 00:00:00,2026-05-17 00:00:00
L068,Liability,Corporate Bond,674645,0.0578,2025-08-17 00:00:00,2025-04-11 00:00:00
L069,Liability,Retail Deposit,15561,0.0101,2028-02-20 00:00:00,2028-02-20 00:00:00
L070,Liability,Corporate Bond,1160209,0.0528,2025-10-11 00:00:00,2025-03-07 00:00:00
L071,Liability,Savings Account,37312,0.0183,2027-12-22 00:00:00,2026-05-04 00:00:00
L072,Liability,Savings Account,27084,0.0138,2028-07-07 00:00:00,2028-07-07 00:00:00
L073,Liability,Term Deposit,297735,0.0309,2026-09-27 00:00:00,2026-09-27 00:00:00
L074,Liability,Term Deposit,262140,0.0301,2025-12-22 00:00:00,2024-08-30 00:00:00
L075,Liability,Retail Deposit,21547,0.0078,2027-08-19 00:00:00,2026-02-12 00:00:00
L076,Liability,Retail Deposit,22159,0.0057,2027-01-27 00:00:00,2024-10-01 00:00:00
L077,Liability,Term Deposit,32738,0.0398,2027-04-20 00:00:00,2027-04-20 00:00:00
L078,Liability,Corporate Bond,3038051,0.0561,2025-07-27 00:00:00,2024-10-07 00:00:00
L079,Liability,Savings Account,47988,0.0126,2028-11-12 00:00:00,2025-03-01 00:00:00
L080,Liability,Retail Deposit,24134,0.0149,2025-12-18 00:00:00,2025-02-19 00:00:00
L081,Liability,Wholesale Funding,873157,0.0469,2025-10-05 00:00:00,2024-12-23 00:00:00
L082,Liability,Term Deposit,209455,0.0392,2028-01-16 00:00:00,2023-11-27 00:00:00
L083,Liability,Wholesale Funding,1145478,0.0471,2024-12-27 00:00:00,2024-04-25 00:00:00
L084,Liability,Savings Account,47603,0.0111,2028-02-26 00:00:00,2026-11-03 00:00:00
L085,Liability,Savings Account,6525,0.0155,2027-11-03 00:00:00,2027-11-03 00:00:00
L086,Liability,Wholesale Funding,849570,0.0424,2026-10-28 00:00:00,2026-10-07 00:00:00
L087,Liability,Corporate Bond,2505611,0.0525,2026-06-25 00:00:00,2025-03-15 00:00:00
L088,Liability,Term Deposit,285378,0.0305,2025-01-13 00:00:00,2024-11-22 00:00:00
L089,Liability,Wholesale Funding,1240592,0.0476,2023-11-21 00:00:00,2023-11-21 00:00:00
L090,Liability,Retail Deposit,2551,0.0074,2027-12-05 00:00:00,2025-08-25 00:00:00
L091,Liability,Retail Deposit,16050,0.0142,2023-11-21 00:00:00,2023-11-21 00:00:00
L092,Liability,Corporate Bond,4840827,0.0503,2039-04-29 00:00:00,2035-03-16 00:00:00
L093,Liability,Savings Account,33382,0.0173,2030-01-09 00:00:00,2025-04-30 00:00:00
L094,Liability,Retail Deposit,22240,0.015,2040-02-29 00:00:00,2030-09-09 00:00:00
L095,Liability,Wholesale Funding,948497,0.0433,2032-12-27 00:00:00,2026-01-11 00:00:00
L096,Liability,Savings Account,46427,0.0191,2034-01-24 00:00:00,2027-10-19 00:00:00
L097,Liability,Savings Account,13714,0.0155,2037-05-25 00:00:00,2027-02-22 00:00:00
L098,Liability,Wholesale Funding,1004431,0.0412,2036-11-18 00:00:00,2024-02-09 00:00:00
L099,Liability,Wholesale Funding,1591121,0.0444,2031-09-10 00:00:00,2029-01-25 00:00:00
L100,Liability,Retail Deposit,13094,0.0114,2040-02-19 00:00:00,2029-05-10 00:00:00
L101,Liability,Retail Deposit,5456,0.0075,2031-11-10 00:00:00,2031-11-10 00:00:00
L102,Liability,Wholesale Funding,1296091,0.0406,2033-07-18 00:00:00,2025-02-27 00:00:00
L103,Liability,Corporate Bond,1823277,0.0517,2037-10-21 00:00:00,2026-01-12 00:00:00
L104,Liability,Corporate Bond,2407104,0.0581,2031-09-23 00:00:00,2026-09-29 00:00:00
L105,Liability,Term Deposit,227197,0.038,2029-05-02 00:00:00,2029-05-02 00:00:00
L106,Liability,Term Deposit,279690,0.0356,2033-07-19 00:00:00,2026-11-15 00:00:00
L107,Liability,Savings Account,45092,0.018,2023-11-21 00:00:00,2023-11-21 00:00:00
L108,Liability,Retail Deposit,23519,0.0147,2039-02-23 00:00:00,2039-02-23 00:00:00
L109,Liability,Corporate Bond,1248514,0.0516,2034-03-18 00:00:00,2034-03-18 00:00:00
L110,Liability,Wholesale Funding,1670233,0.0442,2043-10-30 00:00:00,2027-02-20 00:00:00
L111,Liability,Wholesale Funding,1458452,0.0487,2039-09-19 00:00:00,2028-08-18 00:00:00
L112,Liability,Wholesale Funding,1229061,0.0447,2042-06-20 00:00:00,2029-09-26 00:00:00
L113,Liability,Savings Account,45143,0.0196,2042-11-28 00:00:00,2028-06-21 00:00:00
L114,Liability,Term Deposit,261464,0.0327,2043-02-11 00:00:00,2028-04-02 00:00:00
L115,Liability,Retail Deposit,3683,0.007,2036-02-20 00:00:00,2035-11-24 00:00:00
L116,Liability,Term Deposit,147953,0.0371,2029-05-26 00:00:00,2025-03-20 00:00:00
L117,Liability,Retail Deposit,7561,0.0148,2041-09-24 00:00:00,2028-12-03 00:00:00
L118,Liability,Term Deposit,69571,0.0352,2042-08-28 00:00:00,2042-04-11 00:00:00
L119,Liability,Savings Account,29223,0.0128,2037-01-25 00:00:00,2032-06-09 00:00:00
L120,Liability,Wholesale Funding,465146,0.0462,2035-05-25 00:00:00,2031-11-20 00:00:00
L121,Liability,Term Deposit,73480,0.0351,2033-05-11 00:00:00,2032-05-24 00:00:00
L122,Liability,Term Deposit,136673,0.0306,2036-05-27 00:00:00,2036-05-27 00:00:00
L123,Liability,Savings Account,21721,0.0105,2035-03-25 00:00:00,2030-04-04 00:00:00
L124,Liability,Retail Deposit,17705,0.0144,2030-04-18 00:00:00,2030-04-18 00:00:00
L125,Liability,Retail Deposit,3033,0.0069,2023-11-21 00:00:00,2023-11-21 00:00:00
L126,Liability,Wholesale Funding,761185,0.0432,2034-08-16 00:00:00,2028-12-10 00:00:00
L127,Liability,Wholesale Funding,1459495,0.0425,2043-06-10 00:00:00,2043-06-10 00:00:00
L128,Liability,Wholesale Funding,892846,0.041,2031-05-06 00:00:00,2030-04-14 00:00:00
L129,Liability,Savings Account,12143,0.0124,2040-12-03 00:00:00,2030-09-04 00:00:00
L130,Liability,Savings Account,7742,0.0176,2035-08-07 00:00:00,2034-04-15 00:00:00
L131,Liability,Corporate Bond,2347525,0.0523,2040-06-17 00:00:00,2040-06-17 00:00:00
L132,Liability,Corporate Bond,3110111,0.0529,2035-09-14 00:00:00,2035-06-18 00:00:00
L133,Liability,Savings Account,12821,0.0189,2041-03-31 00:00:00,2028-05-22 00:00:00
L134,Liability,Wholesale Funding,1228082,0.0497,2034-02-08 00:00:00,2031-09-27 00:00:00
L135,Liability,Term Deposit,77078,0.0384,2023-11-21 00:00:00,2023-11-21 00:00:00
L136,Liability,Retail Deposit,13581,0.0146,2032-10-21 00:00:00,2032-10-21 00:00:00
L137,Liability,Retail Deposit,22137,0.014,2029-06-19 00:00:00,2028-05-20 00:00:00
L138,Liability,Retail Deposit,16598,0.0057,2032-08-20 00:00:00,2024-03-25 00:00:00
L139,Liability,Term Deposit,126877,0.0355,2041-07-23 00:00:00,2029-04-21 00:00:00
L140,Liability,Savings Account,49359,0.0116,2039-01-14 00:00:00,2037-06-20 00:00:00
L141,Liability,Retail Deposit,22740,0.0107,2037-12-07 00:00:00,2035-09-25 00:00:00
L142,Liability,Retail Deposit,4404,0.0145,2042-01-10 00:00:00,2030-01-08 00:00:00
L143,Liability,Wholesale Funding,308459,0.0435,2032-05-02 00:00:00,2030-12-01 00:00:00
L144,Liability,Term Deposit,121660,0.0307,2023-11-21 00:00:00,2023-11-21 00:00:00
L145,Liability,Retail Deposit,21437,0.0063,2038-05-04 00:00:00,2038-05-04 00:00:00
L146,Liability,Term Deposit,91263,0.0322,2033-01-12 00:00:00,2033-01-12 00:00:00
L147,Liability,Savings Account,48221,0.0132,2037-07-15 00:00:00,2034-12-01 00:00:00
L148,Liability,Savings Account,41229,0.0146,2038-05-21 00:00:00,2029-09-18 00:00:00
L149,Liability,Corporate Bond,2055889,0.0542,2035-02-15 00:00:00,2032-01-21 00:00:00
L150,Liability,Wholesale Funding,671110,0.0454,2030-10-27 00:00:00,2030-02-18 00:00:00
A151,Asset,Treasury Bond,6428388,0.0247,2026-12-05,2026-09-30
A152,Asset,Treasury Bond,2239489,0.0225,2024-10-31,2024-02-16
A153,Asset,Mortgage,7209212,0.0581,2024-04-14,2024-01-12
A154,Asset,Cash Equivalent,4986505,0.0678,2027-11-12,2026-02-03
A155,Asset,Cash Equivalent,3349769,0.0245,2024-09-07,2024-04-29
A156,Asset,Cash Equivalent,9789633,0.052,2025-12-22,2025-06-03
A157,Asset,Treasury Bond,5748066,0.0589,2025-11-04,2024-05-28
A158,Asset,Commercial Loan,3280709,0.0728,2025-06-20,2025-06-09
A159,Asset,Treasury Bond,8247680,0.0137,2025-09-12,2023-12-11
A160,Asset,Commercial Loan,5504720,0.0152,2024-12-27,2024-02-17
A161,Asset,Auto Loan,3390659,0.0551,2026-01-20,2024-10-31
A162,Asset,Treasury Bond,73148,0.0285,2024-03-06,2024-01-19
A163,Asset,Treasury Bond,4061518,0.0588,2026-01-19,2023-12-25
A164,Asset,Treasury Bond,1875928,0.0307,2027-10-17,2026-09-11
A165,Asset,Cash Equivalent,2310413,0.0266,2025-11-07,2024-12-26
A166,Asset,Cash Equivalent,7286369,0.046,2024-06-24,2024-05-28
A167,Asset,Commercial Loan,3774315,0.0578,2026-02-28,2024-08-17
A168,Asset,Commercial Loan,569685,0.0257,2026-09-17,2024-09-11
A169,Asset,Treasury Bond,3371612,0.0411,2024-11-07,2024-01-12
A170,Asset,Commercial Loan,3499679,0.0385,2026-01-07,2024-05-26
A171,Asset,Cash Equivalent,1290160,0.0337,2024-02-08,2024-01-30
A172,Asset,Commercial Loan,6561168,0.0718,2025-09-13,2025-03-06
A173,Asset,Auto Loan,1742095,0.0683,2024-09-19,2024-08-07
A174,Asset,Cash Equivalent,2236785,0.0387,2024-01-15,2023-12-18
A175,Asset,Auto Loan,9472719,0.046,2026-10-27,2026-10-27
A176,Asset,Commercial Loan,3752389,0.036,2024-03-13,2024-01-03
A177,Asset,Mortgage,3607279,0.032,2026-07-23,2025-11-28
A178,Asset,Treasury Bond,9914709,0.0779,2026-09-29,2025-04-06
A179,Asset,Cash Equivalent,6172294,0.0305,2026-02-07,2024-12-17
A180,Asset,Auto Loan,7563158,0.0189,2026-05-15,2025-02-23
A181,Asset,Mortgage,774598,0.0817,2027-05-23,2025-06-06
A182,Asset,Mortgage,3336068,0.0507,2025-04-03,2024-12-31
A183,Asset,Cash Equivalent,978548,0.0532,2025-05-29,2023-12-26
A184,Asset,Cash Equivalent,6221204,0.0162,2027-05-25,2026-12-04
A185,Asset,Mortgage,6711971,0.0844,2025-06-14,2023-12-18
A186,Asset,Treasury Bond,8311461,0.0807,2027-09-07,2027-04-28
A187,Asset,Treasury Bond,2489413,0.0188,2027-10-06,2027-06-19
A188,Asset,Auto Loan,5702469,0.01,2026-08-04,2025-12-04
A189,Asset,Treasury Bond,407690,0.0106,2027-12-24,2027-10-25
A190,Asset,Mortgage,1959109,0.0278,2027-05-16,2025-10-04
A191,Asset,Mortgage,8328735,0.0854,2027-10-03,2027-04-30
A192,Asset,Commercial Loan,6414907,0.0391,2025-02-19,2024-01-11
A193,Asset,Mortgage,3365011,0.0301,2027-10-15,2027-10-01
A194,Asset,Treasury Bond,421880,0.0218,2026-07-14,2024-02-09
A195,Asset,Auto Loan,4970050,0.0588,2025-09-07,2024-06-27
A196,Asset,Commercial Loan,3000765,0.0126,2027-05-07,2024-12-09
A197,Asset,Treasury Bond,5505306,0.0645,2026-11-16,2025-11-19
A198,Asset,Auto Loan,5483047,0.0542,2024-08-08,2024-06-10
A199,Asset,Treasury Bond,7108230,0.0743,2026-05-07,2025-07-22
A200,Asset,Commercial Loan,3085389,0.0419,2025-12-26,2024-04-12
L151,Liability,Savings Account,5663280,0.0133,2024-06-24,2024-01-29
L152,Liability,Retail Deposit,2150815,0.0072,2025-10-10,2024-12-27
L153,Liability,Savings Account,912681,0.0332,2024-05-15,2024-04-16
L154,Liability,Retail Deposit,2757423,0.0103,2025-04-22,2024-10-23
L155,Liability,Corporate Bond,7615287,0.0126,2030-11-14,2029-04-12
L156,Liability,Term Deposit,3719270,0.0348,2028-06-11,2024-08-09
L157,Liability,Term Deposit,7651019,0.0146,2025-09-04,2025-06-14
L158,Liability,Corporate Bond,4569920,0.0183,2027-08-09,2024-07-31
L159,Liability,Savings Account,3143259,0.0357,2027-03-18,2026-08-31
L160,Liability,Term Deposit,4894680,0.0203,2028-07-29,2026-02-13
L161,Liability,Corporate Bond,4116639,0.0543,2029-12-28,2029-08-22
L162,Liability,Term Deposit,2487367,0.0538,2025-09-08,2025-06-29
L163,Liability,Wholesale Funding,380480,0.0139,2027-12-05,2024-03-03
L164,Liability,Savings Account,4126499,0.0369,2030-12-21,2027-12-26
L165,Liability,Wholesale Funding,5982258,0.0586,2032-01-29,2029-02-21
L166,Liability,Savings Account,2906941,0.0352,2031-10-29,2026-07-04
L167,Liability,Corporate Bond,6930040,0.0147,2028-05-11,2026-01-29
L168,Liability,Savings Account,7330141,0.0229,2028-02-25,2027-10-06
L169,Liability,Savings Account,6732886,0.0447,2025-09-20,2023-12-23
L170,Liability,Corporate Bond,6550143,0.0102,2025-04-03,2024-11-29
L171,Liability,Savings Account,1985509,0.0184,2029-09-05,2025-06-05
L172,Liability,Term Deposit,6107525,0.0548,2029-08-25,2024-07-03
L173,Liability,Retail Deposit,2016484,0.0326,2030-05-09,2026-07-07
L174,Liability,Corporate Bond,3808688,0.0157,2026-03-15,2025-09-09
L175,Liability,Retail Deposit,7267795,0.0063,2024-01-06,2024-01-03
L176,Liability,Corporate Bond,4320427,0.0308,2026-11-24,2025-04-21
L177,Liability,Corporate Bond,4374578,0.0461,2026-11-15,2024-08-26
L178,Liability,Wholesale Funding,2889004,0.0286,2024-06-18,2024-02-23
L179,Liability,Wholesale Funding,3134514,0.0589,2027-02-02,2024-05-29
L180,Liability,Savings Account,4337868,0.0262,2029-06-18,2027-02-17
L181,Liability,Retail Deposit,2217167,0.0317,2029-08-16,2028-11-10
L182,Liability,Corporate Bond,690105,0.0565,2025-07-12,2024-10-08
L183,Liability,Savings Account,7311159,0.0089,2025-09-06,2024-09-03
L184,Liability,Term Deposit,5248894,0.0595,2024-05-23,2024-03-29
L185,Liability,Corporate Bond,1226665,0.0457,2024-08-22,2024-05-14
L186,Liability,Term Deposit,369654,0.0211,2031-08-27,2025-05-11
L187,Liability,Savings Account,6528818,0.0191,2030-09-10,2025-04-28
L188,Liability,Wholesale Funding,6513419,0.0331,2024-01-25,2024-01-04
L189,Liability,Savings Account,3930083,0.0407,2030-12-23,2024-12-24
L190,Liability,Term Deposit,5729179,0.0538,2027-03-01,2026-12-10
L191,Liability,Corporate Bond,3179825,0.0102,2031-07-26,2029-04-25
L192,Liability,Retail Deposit,3377957,0.023,2025-07-17,2024-05-28
L193,Liability,Savings Account,5950540,0.0511,2031-02-19,2030-04-30
L194,Liability,Corporate Bond,1027715,0.0071,2026-12-02,2026-08-19
L195,Liability,Wholesale Funding,463243,0.023,2030-04-19,2028-04-03
L196,Liability,Wholesale Funding,4199355,0.0581,2027-01-20,2026-01-02
L197,Liability,Wholesale Funding,3869500,0.0157,2024-02-05,2024-01-14
L198,Liability,Corporate Bond,7021431,0.0449,2024-09-14,2024-03-23
L199,Liability,Savings Account,7322681,0.0228,2025-10-07,2024-03-19
L200,Liability,Corporate Bond,5589774,0.0288,2026-12-06,2025-11-30
